Tweet ID,User,Content,Posted At (EST),Posted Date,Posted Time,Imported At (EST),Imported Date,Imported Time
2047457373090939184,WhiteHouse,"DELIVERING LOWER HEALTHCARE COSTS 🇺🇸

President Donald J. Trump Announces Deal with Regeneron to Bring Most-Favored-Nation Pricing to American Patients https://t.co/NJmRE0Ga8q",4/23/2026, 7:27:32 PM,4/23/2026,7:27:32 PM,4/23/2026, 7:30:27 PM,4/23/2026,7:30:27 PM
2047456726278922425,WhiteHouse,"RT @DHSgov: FAIRFAX, VIRGINIA: @HSI_DC has arrested a criminal illegal CHILD PREDATOR who Virginia sanctuary politicians RELEASED.

Roni Me…",4/23/2026, 7:24:58 PM,4/23/2026,7:24:58 PM,4/23/2026, 7:25:26 PM,4/23/2026,7:25:26 PM
2047436553207599538,WhiteHouse,"President Donald J. Trump provides an update on the ceasefire meeting between Israel and Lebanon. https://t.co/73V41K2Wwl https://t.co/vDaVfrgchB",4/23/2026, 6:04:48 PM,4/23/2026,6:04:48 PM,4/23/2026, 6:05:27 PM,4/23/2026,6:05:27 PM
2047430957506969814,WhiteHouse,"🇺🇸 @VP Vance speaks on the Israel-Lebanon ceasefire extension — a historic moment.

""Of course it wouldn't have happened without the President's direct engagement."" https://t.co/inYTsjMvMC",4/23/2026, 5:42:34 PM,4/23/2026,5:42:34 PM,4/23/2026, 5:45:30 PM,4/23/2026,5:45:30 PM
2047429447578529944,WhiteHouse,"🚨 ""The Meeting went very well! The United States is going to work with Lebanon in order to help it protect itself from Hezbollah. The Ceasefire between Israel and Lebanon will be extended by THREE WEEKS."" - President Donald J. Trump 🇺🇸 https://t.co/OUyewZJKmT",4/23/2026, 5:36:34 PM,4/23/2026,5:36:34 PM,4/23/2026, 5:40:28 PM,4/23/2026,5:40:28 PM
2047424589131657369,WhiteHouse,"AMERICA FIRST 🇺🇸 https://t.co/EqGERZYQW4",4/23/2026, 5:17:16 PM,4/23/2026,5:17:16 PM,4/23/2026, 5:20:27 PM,4/23/2026,5:20:27 PM
2047424587286126596,WhiteHouse,"America is leading the AI race and our foreign adversaries know it.

The Trump Administration will not allow China to subvert American interests by stealing AI. https://t.co/El76mljxKY",4/23/2026, 5:17:15 PM,4/23/2026,5:17:15 PM,4/23/2026, 5:20:27 PM,4/23/2026,5:20:27 PM
2047406166024634734,WhiteHouse,"Regeneron is the 17th pharmaceutical giant offering to sell their drugs at Most-Favored-Nation drug pricing. 🇺🇸

It's simple: President Trump refuses to let America get ripped off in the global drug market. The United States will have the LOWEST drug prices anywhere in the world. https://t.co/W3Uyh602Ao",4/23/2026, 4:04:03 PM,4/23/2026,4:04:03 PM,4/23/2026, 4:05:27 PM,4/23/2026,4:05:27 PM
2047405095747510358,WhiteHouse,"President Donald J. Trump is making D.C. beautiful again! 🇺🇸 https://t.co/wHBtPowefr",4/23/2026, 3:59:48 PM,4/23/2026,3:59:48 PM,4/23/2026, 4:00:34 PM,4/23/2026,4:00:34 PM
2047401014131626095,WhiteHouse,"RT @KushDesai47: Regeneron’s announcement means 17 out of the 17 pharmaceutical companies that received letters last year have now struck d…",4/23/2026, 3:43:35 PM,4/23/2026,3:43:35 PM,4/23/2026, 3:45:31 PM,4/23/2026,3:45:31 PM
2047394801398542396,WhiteHouse,"VISIT https://t.co/ZUEHHV4KFp NOW 🇺🇸 https://t.co/bD5Hrna0qp",4/23/2026, 3:18:54 PM,4/23/2026,3:18:54 PM,4/23/2026, 3:20:25 PM,4/23/2026,3:20:25 PM
2047393122942959916,WhiteHouse,"President Trump Participates in a Health Care Affordability Event https://t.co/L7sBaGu9A6",4/23/2026, 3:12:13 PM,4/23/2026,3:12:13 PM,4/23/2026, 3:15:29 PM,4/23/2026,3:15:29 PM
2047380614794416315,WhiteHouse,"If you've never been a panican... this pin's for you. 🇺🇸 https://t.co/JmI0PTDPuh",4/23/2026, 2:22:31 PM,4/23/2026,2:22:31 PM,4/23/2026, 2:25:42 PM,4/23/2026,2:25:42 PM
2047376664447868997,WhiteHouse,"First Lady Melania Trump speaks at the 113th Annual First Lady's Luncheon on her landmark legislation to protect the foster care community with members of the Ways and Means Committee.

@FLOTUS will never stop fighting for America's future generation. 💛 https://t.co/1raDNWwO3N",4/23/2026, 2:06:49 PM,4/23/2026,2:06:49 PM,4/23/2026, 2:10:41 PM,4/23/2026,2:10:41 PM
2047374254916661379,WhiteHouse,"RT @PressSec: 🚨TODAY AT 3PM: White House to Announce a Deal With Pharmaceutical Company Regeneron

TUNE IN! 📺 https://t.co/0XvfHmOMEA",4/23/2026, 1:57:15 PM,4/23/2026,1:57:15 PM,4/23/2026, 2:00:41 PM,4/23/2026,2:00:41 PM
2047341923271147963,WhiteHouse,"We’re waiting… https://t.co/iRSZvCbHwT https://t.co/2XfncAkXoF",4/23/2026, 11:48:46 AM,4/23/2026,11:48:46 AM,4/23/2026, 11:50:40 AM,4/23/2026,11:50:40 AM
2047341315570975126,WhiteHouse,"https://t.co/R23uR9RR9y",4/23/2026, 11:46:22 AM,4/23/2026,11:46:22 AM,4/23/2026, 11:50:40 AM,4/23/2026,11:50:40 AM
2047336714339811739,WhiteHouse,"RT @Freedom250: JUST ANNOUNCED: Secretary of War Pete Hegseth is set to speak at Rededicate 250.

May 17 • 8 AM ET • National Mall

Join Am…",4/23/2026, 11:28:05 AM,4/23/2026,11:28:05 AM,4/23/2026, 11:30:41 AM,4/23/2026,11:30:41 AM
2047333451502694712,WhiteHouse,"MORE https://t.co/fFomBrWPuW",4/23/2026, 11:15:07 AM,4/23/2026,11:15:07 AM,4/23/2026, 11:15:42 AM,4/23/2026,11:15:42 AM
2047333448688291841,WhiteHouse,"Positive manufacturing job growth. Reshoring boom. Industry leaders rejoicing.

American manufacturing is BACK. https://t.co/cv3mhDO2U7",4/23/2026, 11:15:06 AM,4/23/2026,11:15:06 AM,4/23/2026, 11:15:42 AM,4/23/2026,11:15:42 AM
2047305883361681790,WhiteHouse,"RT @TheJusticeDept: 🚨Justice Department Places FDA-Approved Marijuana Products and Products Containing Marijuana Subject to a Qualifying St…",4/23/2026, 9:25:34 AM,4/23/2026,9:25:34 AM,4/23/2026, 9:30:44 AM,4/23/2026,9:30:44 AM
2047303391412465817,WhiteHouse,"""I have ordered the United States Navy to shoot and kill any boat, small boats though they may be (Their naval ships are ALL, 159 of them, at the bottom of the sea!), that is putting mines in the waters of the Strait of Hormuz. There is to be no hesitation."" - President Donald J. https://t.co/zRS9PEfUBW",4/23/2026, 9:15:40 AM,4/23/2026,9:15:40 AM,4/23/2026, 9:20:42 AM,4/23/2026,9:20:42 AM
2047125808716685786,WhiteHouse,"RT @SecScottBessent: .@USTreasury's Office of Investment Security is launching the Investment Security Technology Initiative to convene lea…",4/22/2026, 9:30:01 PM,4/22/2026,9:30:01 PM,4/22/2026, 9:30:42 PM,4/22/2026,9:30:42 PM
2047125734066430010,WhiteHouse,"RT @DHSgov: KEEPING OUR HOMELAND SAFE.

On Sunday, @CBP officers at the Area Port of Nogales seized dozens of weapons from a car attempting…",4/22/2026, 9:29:43 PM,4/22/2026,9:29:43 PM,4/22/2026, 9:30:42 PM,4/22/2026,9:30:42 PM
2047067908228956473,WhiteHouse,"TRUST IN TRUMP 🇺🇸📈 https://t.co/7JN9uwDYse",4/22/2026, 5:39:56 PM,4/22/2026,5:39:56 PM,4/22/2026, 5:40:40 PM,4/22/2026,5:40:40 PM
2047060000145653879,WhiteHouse,"RT @ENERGY: Happy Earth Day!

By expanding nuclear energy and LNG exports, President Trump will likely go down in history as the world lead…",4/22/2026, 5:08:31 PM,4/22/2026,5:08:31 PM,4/22/2026, 5:10:42 PM,4/22/2026,5:10:42 PM
2047046161312198725,WhiteHouse,"RT @FirstLadyOffice: The final details
🇺🇸🇬🇧
04.28.26 https://t.co/fiFjx48Rkw",4/22/2026, 4:13:31 PM,4/22/2026,4:13:31 PM,4/22/2026, 4:15:33 PM,4/22/2026,4:15:33 PM
2047041809059135813,WhiteHouse,"Iran must never be allowed to obtain a nuclear weapon, and they must hand over their enriched uranium.

@PressSec joins Fox News, delivering an update on Operation Epic Fury. https://t.co/in7S8zwtWG",4/22/2026, 3:56:14 PM,4/22/2026,3:56:14 PM,4/22/2026, 4:00:42 PM,4/22/2026,4:00:42 PM
2047037040500318313,WhiteHouse,"RT @CENTCOM: U.S. forces have directed 29 vessels to turn around or return to port as part of the U.S. blockade against Iran. 

Over past 2…",4/22/2026, 3:37:17 PM,4/22/2026,3:37:17 PM,4/22/2026, 3:40:37 PM,4/22/2026,3:40:37 PM
2047033970504630466,WhiteHouse,"RT @SBAgov: It’s hard to understate what President Trump’s tax cuts mean for the service industry and tipped workers.

Finally, after four…",4/22/2026, 3:25:05 PM,4/22/2026,3:25:05 PM,4/22/2026, 3:25:27 PM,4/22/2026,3:25:27 PM
2047030232884846791,WhiteHouse,"“YOU CAN’T COMPROMISE ON SANITY AND COMMON SENSE!”

So true, Mr. President! https://t.co/ui5yZvGjEu",4/22/2026, 3:10:14 PM,4/22/2026,3:10:14 PM,4/22/2026, 3:10:26 PM,4/22/2026,3:10:26 PM
2047018928031834115,WhiteHouse,"CHAMPIONS IN THE WHITE HOUSE 🏆 @NCAA https://t.co/2lcDf60Kgf",4/22/2026, 2:25:18 PM,4/22/2026,2:25:18 PM,4/22/2026, 2:25:36 PM,4/22/2026,2:25:36 PM
2047017301069742375,WhiteHouse,"RT @USDOL: American Workers aren’t tired of winning! Thanks, @POTUS 🇺🇸",4/22/2026, 2:18:50 PM,4/22/2026,2:18:50 PM,4/22/2026, 2:20:39 PM,4/22/2026,2:20:39 PM
2047011356906303559,WhiteHouse,"RT @PressSec: The legacy media is doing PR for the Iranian regime... again.

The truth is that under President Trump’s leadership, the U.S.…",4/22/2026, 1:55:13 PM,4/22/2026,1:55:13 PM,4/22/2026, 1:55:37 PM,4/22/2026,1:55:37 PM
2047009939009290465,WhiteHouse,"“…Republicans must stick together and UNIFY to get this done, and to keep America safe — something which the Democrats don’t care about…” https://t.co/Fj1TE9xw3z",4/22/2026, 1:49:35 PM,4/22/2026,1:49:35 PM,4/22/2026, 1:50:33 PM,4/22/2026,1:50:33 PM
2046999924651217013,WhiteHouse,"“Very good news! I have just been informed that eight women protestors who were going to be executed tonight in Iran will no longer be killed…” - President Donald J. Trump 🇺🇸 https://t.co/oU1AlAOPpk https://t.co/gsW76RQufY",4/22/2026, 1:09:48 PM,4/22/2026,1:09:48 PM,4/22/2026, 1:10:42 PM,4/22/2026,1:10:42 PM
2046987551802548688,WhiteHouse,"MAGA, all summer long 😎 https://t.co/DhiMJmI0WG https://t.co/p6kZ0jh3gb",4/22/2026, 12:20:38 PM,4/22/2026,12:20:38 PM,4/22/2026, 12:25:34 PM,4/22/2026,12:25:34 PM
2046987093990052350,WhiteHouse,"Anheuser-Busch, the number one beer manufacturer in the world, is pouring MILLIONS in investments into the United States! 🇺🇸🍺 https://t.co/i5xkc4KzTc",4/22/2026, 12:18:49 PM,4/22/2026,12:18:49 PM,4/22/2026, 12:20:39 PM,4/22/2026,12:20:39 PM
2046977586987757718,WhiteHouse,"RT @TheStoryFNC: TODAY AT 3pm ET: White House @PressSec Karoline Leavitt on President Trump’s short-term ceasefire extension and new provoc…",4/22/2026, 11:41:02 AM,4/22/2026,11:41:02 AM,4/22/2026, 11:45:42 AM,4/22/2026,11:45:42 AM
2046975903096316382,WhiteHouse,"Hottest country in the world!!! https://t.co/EXiruEgcOl",4/22/2026, 11:34:20 AM,4/22/2026,11:34:20 AM,4/22/2026, 11:35:39 AM,4/22/2026,11:35:39 AM
2046974733321719928,WhiteHouse,"RT @NASA: It's our home.

This Earth Day, see our planet as our Artemis II astronauts saw it with these new images from the mission. https:…",4/22/2026, 11:29:42 AM,4/22/2026,11:29:42 AM,4/22/2026, 11:30:38 AM,4/22/2026,11:30:38 AM
2046967386545279105,WhiteHouse,"Sheridan Gorman, an 18-year-old student, was tragically murdered by an illegal alien. Her parents calling it ""a preventable murder.""

This is why we secured the border. This is why we stand with ICE. This is why we deport criminal illegals. THIS IS OUR WHY ⬇️ https://t.co/WNOt77GOKv",4/22/2026, 11:00:30 AM,4/22/2026,11:00:30 AM,4/22/2026, 11:00:43 AM,4/22/2026,11:00:43 AM
2046964834260893952,WhiteHouse,"RT @RealPNavarro: .@POTUS &amp; @TheJusticeDept are cracking down on the Big Meat cartel.

DOJ alleges Agri Stats' business model facilitates c…",4/22/2026, 10:50:21 AM,4/22/2026,10:50:21 AM,4/22/2026, 10:50:41 AM,4/22/2026,10:50:41 AM
2046959500704244026,WhiteHouse,"RT @StateDept: ⚽ The countdown to the FIFA World Cup 2026™ is on! Coinciding with America’s 250th birthday, President Trump is committed to…",4/22/2026, 10:29:10 AM,4/22/2026,10:29:10 AM,4/22/2026, 10:30:39 AM,4/22/2026,10:30:39 AM
2046945302804894082,WhiteHouse,"RT @USTradeRep: 🚨 This #EarthDay, USTR is digging up foreign trade practices that undercut American workers, contaminate global supply chai…",4/22/2026, 9:32:45 AM,4/22/2026,9:32:45 AM,4/22/2026, 9:35:37 AM,4/22/2026,9:35:37 AM
2046930415752036573,WhiteHouse,"RT @DHSgov: SICKENING: Luis Armando Argueta Montejo, a 43-year-old-criminal illegal alien from Mexico, has been arrested for INCEST and sex…",4/22/2026, 8:33:35 AM,4/22/2026,8:33:35 AM,4/22/2026, 8:35:38 AM,4/22/2026,8:35:38 AM
2046930308155469932,WhiteHouse,"RT @epaleezeldin: Since President Trump’s January EO, almost 2,000 new permits have been approved for LA wildfire victims desperately tryin…",4/22/2026, 8:33:10 AM,4/22/2026,8:33:10 AM,4/22/2026, 8:35:38 AM,4/22/2026,8:35:38 AM
2046930201678872770,WhiteHouse,"RT @CBSNews: During the Biden administration, CBS News saw hundreds of migrants cross into the U.S. illegally near the Texas border city of…",4/22/2026, 8:32:44 AM,4/22/2026,8:32:44 AM,4/22/2026, 8:35:38 AM,4/22/2026,8:35:38 AM
2046930105142764022,WhiteHouse,"RT @USNavy: Presence with partners. 🇺🇸🤝🇯🇵

Japan Maritime Self-Defense Force (JMSDF) Asahi-class destroyer JS Asahi (DD-119) and U.S. 7th F…",4/22/2026, 8:32:21 AM,4/22/2026,8:32:21 AM,4/22/2026, 8:35:38 AM,4/22/2026,8:35:38 AM
2046760476126666802,WhiteHouse,"THE CHAMPS ARE HERE 🏆

President Donald J. Trump hosts seven collegiate National Champions from around the country at the White House, honoring these student-athletes who performed at the top of their craft and came out on top. 🇺🇸 https://t.co/A0TJfmylG8",4/21/2026, 9:18:19 PM,4/21/2026,9:18:19 PM,4/21/2026, 9:20:22 PM,4/21/2026,9:20:22 PM
2046751884438917254,WhiteHouse,"AMERICAN MANUFACTURING IS BACK.

The first positive manufacturing job growth in three years, a total shift from the Biden-era decline.

President Trump's historic re-shoring effort is bringing MORE production and MORE jobs back to the U.S. 🇺🇸 https://t.co/rNWe3tSWBf",4/21/2026, 8:44:10 PM,4/21/2026,8:44:10 PM,4/21/2026, 8:45:21 PM,4/21/2026,8:45:21 PM
2046747549722112085,WhiteHouse,"Celebrate life’s most meaningful moments with a message from the President. 🇺🇸

Request yours here: https://t.co/o87UQxGM9k https://t.co/WfBDJPMqh8",4/21/2026, 8:26:57 PM,4/21/2026,8:26:57 PM,4/21/2026, 8:30:24 PM,4/21/2026,8:30:24 PM
2046703874690437300,WhiteHouse,"The future of air travel has arrived. Today, @SecDuffy announced groundbreaking new airspace software that will modernize America’s skies and dramatically REDUCE delays. 

The GOLDEN AGE OF TRAVEL IS HERE! ✈️https://t.co/IkNaJz09E3",4/21/2026, 5:33:24 PM,4/21/2026,5:33:24 PM,4/21/2026, 5:35:24 PM,4/21/2026,5:35:24 PM
2046695169806696769,WhiteHouse,"President Trump Delivers Remarks to NCAA Collegiate National Champions https://t.co/cgLk2VJpxa",4/21/2026, 4:58:48 PM,4/21/2026,4:58:48 PM,4/21/2026, 5:00:26 PM,4/21/2026,5:00:26 PM
2046684343204978735,WhiteHouse,"STATEMENT BY PRESIDENT DONALD J. TRUMP: https://t.co/ATdRyY1qqK",4/21/2026, 4:15:47 PM,4/21/2026,4:15:47 PM,4/21/2026, 4:20:24 PM,4/21/2026,4:20:24 PM
2046682206039388561,WhiteHouse,"President Trump is protecting the future of college sports. 🇺🇸

THROWBACK: @NCAA President Charlie Baker recently met at the White House to tackle the challenges facing college athletics. Watch ⬇️ https://t.co/D1MoTPt1X2",4/21/2026, 4:07:18 PM,4/21/2026,4:07:18 PM,4/21/2026, 4:10:23 PM,4/21/2026,4:10:23 PM
2046661978123354167,WhiteHouse,"🤫🤫 https://t.co/h7MPFNGvPI",4/21/2026, 2:46:55 PM,4/21/2026,2:46:55 PM,4/21/2026, 2:50:32 PM,4/21/2026,2:50:32 PM
2046658936405741963,WhiteHouse,"RT @SecScottBessent: The Iranian regime must be held accountable for its extortion of global energy markets and indiscriminate targeting of…",4/21/2026, 2:34:50 PM,4/21/2026,2:34:50 PM,4/21/2026, 2:35:32 PM,4/21/2026,2:35:32 PM
2046652428687122874,WhiteHouse,"RT @DHSgov: This National Crime Victims Week, DHS continues standing up for the Americans who have been victims of illegal alien crime. 

T…",4/21/2026, 2:08:58 PM,4/21/2026,2:08:58 PM,4/21/2026, 2:10:35 PM,4/21/2026,2:10:35 PM
2046649913958637846,WhiteHouse,"RT @DHSgov: Import the third world, become the third world.

Illegal alien Josue Abraham Chirino-Leonice BRUTALLY murdered his co-worker by…",4/21/2026, 1:58:59 PM,4/21/2026,1:58:59 PM,4/21/2026, 2:00:34 PM,4/21/2026,2:00:34 PM
2046624603443769709,WhiteHouse,"RT @DeptofWar: https://t.co/AVabf0Dot3",4/21/2026, 12:18:24 PM,4/21/2026,12:18:24 PM,4/21/2026, 12:20:36 PM,4/21/2026,12:20:36 PM
2046613038862569938,WhiteHouse,"It's common sense: U.S. elections should be for U.S. citizens only. 

Pass the SAVE America Act. https://t.co/Z3xyb05MEA",4/21/2026, 11:32:27 AM,4/21/2026,11:32:27 AM,4/21/2026, 11:35:37 AM,4/21/2026,11:35:37 AM
2046612411122176110,WhiteHouse,"RT @CENTCOM: Since the start of the U.S. blockade against ships entering or exiting Iranian ports, U.S. forces have directed 28 vessels to…",4/21/2026, 11:29:57 AM,4/21/2026,11:29:57 AM,4/21/2026, 11:30:38 AM,4/21/2026,11:30:38 AM
2046598185527672866,WhiteHouse,"RT @PressSec: Gas prices: Decrease at the pumps for eighth consecutive day

https://t.co/LEuD84MQxI",4/21/2026, 10:33:26 AM,4/21/2026,10:33:26 AM,4/21/2026, 10:35:36 AM,4/21/2026,10:35:36 AM
2046587324104863816,WhiteHouse,"President Trump breaks down ongoing negotiations with Iran on @SquawkCNBC 🎙️

""I think we're in a very strong negotiating position to do what other presidents should've done... we had 47 years with these bloodthirsty people."" - President Donald J. Trump 🇺🇸 https://t.co/X7nceyI622",4/21/2026, 9:50:16 AM,4/21/2026,9:50:16 AM,4/21/2026, 9:50:31 AM,4/21/2026,9:50:31 AM
2046585601198108690,WhiteHouse,"""To the Iranian leaders, who will soon be in negotiations with my representatives: I would greatly appreciate the release of these women. I am sure that they will respect the fact that you did so. Please do them no harm! Would be a great start to our negotiations!!!"" - President https://t.co/pxU8xZFvAh",4/21/2026, 9:43:25 AM,4/21/2026,9:43:25 AM,4/21/2026, 9:45:36 AM,4/21/2026,9:45:36 AM
2046581807898903019,WhiteHouse,"📰 Trump Administration Actively Re-Vetting Biden Migrants Given Green Cards https://t.co/hMWkmyTJAR",4/21/2026, 9:28:21 AM,4/21/2026,9:28:21 AM,4/21/2026, 9:30:37 AM,4/21/2026,9:30:37 AM
2046420592065118398,WhiteHouse,"TOMORROW. 8:30 AM ET. 

Don’t miss it. 🇺🇸 https://t.co/4OrZ5JlAyK",4/20/2026, 10:47:44 PM,4/20/2026,10:47:44 PM,4/20/2026, 10:50:21 PM,4/20/2026,10:50:21 PM
2046420174308319258,WhiteHouse,"RT @RapidResponse47: .@PressSec: President Trump ""doesn't care about the political consequence. He doesn't care about what he knows the Fak…",4/20/2026, 10:46:04 PM,4/20/2026,10:46:04 PM,4/20/2026, 10:50:21 PM,4/20/2026,10:50:21 PM
2046378987761422792,WhiteHouse,"Make no mistake, President Trump won't drag the United States into another disastrous deal with Iran.

""If a Deal happens under “TRUMP,” it will guarantee Peace, Security, and Safety, not only for Israel and the Middle East, but for Europe, America, and everywhere else."" - https://t.co/GtQ7zQXyLy",4/20/2026, 8:02:25 PM,4/20/2026,8:02:25 PM,4/20/2026, 8:05:23 PM,4/20/2026,8:05:23 PM
2046352901631569951,WhiteHouse,"RT @SquawkCNBC: TOMORROW: @realDonaldTrump joins Squawk Box at 8:30am ET. Tune in! https://t.co/yu0dqczdAu",4/20/2026, 6:18:45 PM,4/20/2026,6:18:45 PM,4/20/2026, 6:20:21 PM,4/20/2026,6:20:21 PM
2046337936166105292,WhiteHouse,"FROM THE PRESIDENT ✍️

Even Tim Walz’s own family recently wrote to President Trump, expressing gratitude for his unwavering commitment to conservative values and his dedication to the American people.

President Trump replied with a message of his own. 🇺🇸🇺🇸 https://t.co/SGQo2F0ieX",4/20/2026, 5:19:17 PM,4/20/2026,5:19:17 PM,4/20/2026, 5:20:28 PM,4/20/2026,5:20:28 PM
2046337178217717781,WhiteHouse,"ARRESTED. https://t.co/LGtQX12zSt",4/20/2026, 5:16:17 PM,4/20/2026,5:16:17 PM,4/20/2026, 5:20:28 PM,4/20/2026,5:20:28 PM
2046337173868229037,WhiteHouse,"ARRESTED. https://t.co/XObtCd4M4M",4/20/2026, 5:16:16 PM,4/20/2026,5:16:16 PM,4/20/2026, 5:20:28 PM,4/20/2026,5:20:28 PM
2046337166767247635,WhiteHouse,"ARRESTED. https://t.co/aIrEg2ITpN",4/20/2026, 5:16:14 PM,4/20/2026,5:16:14 PM,4/20/2026, 5:20:28 PM,4/20/2026,5:20:28 PM
2046337163013259461,WhiteHouse,"ARRESTED. https://t.co/TwiVkE3tat",4/20/2026, 5:16:13 PM,4/20/2026,5:16:13 PM,4/20/2026, 5:20:28 PM,4/20/2026,5:20:28 PM
2046337157795574068,WhiteHouse,"ARRESTED. https://t.co/ay8Aj0iY2Y",4/20/2026, 5:16:12 PM,4/20/2026,5:16:12 PM,4/20/2026, 5:20:28 PM,4/20/2026,5:20:28 PM
2046337152498246056,WhiteHouse,"ARRESTED. https://t.co/9NpbxHm4C5",4/20/2026, 5:16:10 PM,4/20/2026,5:16:10 PM,4/20/2026, 5:20:28 PM,4/20/2026,5:20:28 PM
2046337148509397321,WhiteHouse,"ARRESTED. https://t.co/91UXhmi9UZ",4/20/2026, 5:16:09 PM,4/20/2026,5:16:09 PM,4/20/2026, 5:20:28 PM,4/20/2026,5:20:28 PM
2046337144860319916,WhiteHouse,"American SAFETY FIRST.

Criminal illegal aliens will continue to be arrested and deported. Here are the worst of the worst. ⬇️ https://t.co/UmCtV1lkKZ",4/20/2026, 5:16:09 PM,4/20/2026,5:16:09 PM,4/20/2026, 5:20:28 PM,4/20/2026,5:20:28 PM
2046328209952661705,WhiteHouse,"It’s true. You know you want to. 

📲 https://t.co/VC8lwiyO0G

📲 https://t.co/zFjVcveGOV https://t.co/z0stzDfjpr",4/20/2026, 4:40:38 PM,4/20/2026,4:40:38 PM,4/20/2026, 4:40:51 PM,4/20/2026,4:40:51 PM
2046314736133038109,WhiteHouse,"RT @PressSec: President Trump’s Landmark Order Advances Breakthrough Mental Health Treatments — Delivering New Hope to Veterans

https://t.…",4/20/2026, 3:47:06 PM,4/20/2026,3:47:06 PM,4/20/2026, 3:50:24 PM,4/20/2026,3:50:24 PM
2046314676800381205,WhiteHouse,"RT @VP: Vice President Vance to students in Athens, Georgia:

“You are the master of your own destiny. Never give up on yourself and never…",4/20/2026, 3:46:52 PM,4/20/2026,3:46:52 PM,4/20/2026, 3:50:24 PM,4/20/2026,3:50:24 PM
2046314660849488016,WhiteHouse,"RT @FLOTUS: FOSTERING THE FUTURE 
Advancing New Legislation https://t.co/VaRFEHzPrG",4/20/2026, 3:46:48 PM,4/20/2026,3:46:48 PM,4/20/2026, 3:50:24 PM,4/20/2026,3:50:24 PM
2046295611562172492,WhiteHouse,"AMERICAN OIL 🇺🇸🇺🇸 https://t.co/JWxbiOIPvg",4/20/2026, 2:31:06 PM,4/20/2026,2:31:06 PM,4/20/2026, 2:35:22 PM,4/20/2026,2:35:22 PM
2046292371110023454,WhiteHouse,"President Trump will always stand with America's veterans. This executive order allows for accelerated treatment to benefit all Americans with serious mental health conditions, a landmark effort for those in need. 🇺🇸❤️ https://t.co/z3sRpjhUEP",4/20/2026, 2:18:14 PM,4/20/2026,2:18:14 PM,4/20/2026, 2:20:21 PM,4/20/2026,2:20:21 PM
2046287281741504988,WhiteHouse,"""The only thing that matters is that we finally, after 47 years, straighten out the MESS that other Presidents let happen because they didn’t have the Courage or Foresight to do what had to be done with respect to Iran."" - President Donald J. Trump 🇺🇸 https://t.co/HPsVIv4bXd",4/20/2026, 1:58:00 PM,4/20/2026,1:58:00 PM,4/20/2026, 2:00:26 PM,4/20/2026,2:00:26 PM
2046248010670047492,WhiteHouse,"RT @RapidResponse47: 60 MINUTES: Iran still has nearly 1,000 pounds of highly-enriched uranium — ""enough material, if you enrich it just a…",4/20/2026, 11:21:57 AM,4/20/2026,11:21:57 AM,4/20/2026, 11:25:25 AM,4/20/2026,11:25:25 AM
2046245672395903350,WhiteHouse,"President Trump's tough on crime policies have led to a DRASTIC decrease in crime in our nation's capital. 🇺🇸 https://t.co/yyE44aD4OQ",4/20/2026, 11:12:40 AM,4/20/2026,11:12:40 AM,4/20/2026, 11:15:26 AM,4/20/2026,11:15:26 AM
2046237325810688264,WhiteHouse,"RT @SecRubio: The Trump Administration continues to make our nation and region safer and stronger. Today, I’m taking steps to impose visa r…",4/20/2026, 10:39:30 AM,4/20/2026,10:39:30 AM,4/20/2026, 10:40:25 AM,4/20/2026,10:40:25 AM
2046233734374916125,WhiteHouse,"“Israel never talked me into the war with Iran, the results of Oct. 7th, added to my lifelong opinion that IRAN CAN NEVER HAVE A NUCLEAR WEAPON, did… the results in Iran will be amazing - And if Iran’s new leaders (Regime Change!) are smart, Iran can have a great and prosperous https://t.co/KJXICktUcH",4/20/2026, 10:25:14 AM,4/20/2026,10:25:14 AM,4/20/2026, 10:25:24 AM,4/20/2026,10:25:24 AM
2046233049797460376,WhiteHouse,"RT @RealPNavarro: 🚨@TheJusticeDept is going after Big Meat, alleging analytics firm Agri Stats helped power a scheme to blunt competition a…",4/20/2026, 10:22:30 AM,4/20/2026,10:22:30 AM,4/20/2026, 10:25:24 AM,4/20/2026,10:25:24 AM
2046203658946085371,WhiteHouse,"LOCKED IN MODE: ACTIVATED 🇺🇸🔥

It’s Monday. No excuses. Just wins. 🦅 https://t.co/xdcyRjOBFb",4/20/2026, 8:25:43 AM,4/20/2026,8:25:43 AM,4/20/2026, 8:25:56 AM,4/20/2026,8:25:56 AM
2046030428541227444,WhiteHouse,"RT @CENTCOM: A U.S. Sailor signals to an F/A-18E Super Hornet as it prepares to launch from the flight deck of USS Abraham Lincoln (CVN 72)…",4/19/2026, 8:57:22 PM,4/19/2026,8:57:22 PM,4/19/2026, 9:00:24 PM,4/19/2026,9:00:24 PM
2045994580147933464,WhiteHouse,"MORE ⬇️
https://t.co/go1ovoHX65",4/19/2026, 6:34:55 PM,4/19/2026,6:34:55 PM,4/19/2026, 6:35:24 PM,4/19/2026,6:35:24 PM
2045994232645652649,WhiteHouse,"This week, @FLOTUS Melania Trump delivered a powerful speech to the House Ways and Means committee to advance Fostering the Future legislation, helping secure a better future of America's foster children. 👏🇺🇸 https://t.co/wyaQZXv9v7",4/19/2026, 6:33:32 PM,4/19/2026,6:33:32 PM,4/19/2026, 6:35:24 PM,4/19/2026,6:35:24 PM
2045977375335166379,WhiteHouse,"RT @DOWResponse: U.S. forces operating in the Arabian Sea enforced naval blockade measures against an Iranian-flagged cargo vessel attempti…",4/19/2026, 5:26:33 PM,4/19/2026,5:26:33 PM,4/19/2026, 5:30:22 PM,4/19/2026,5:30:22 PM
2045975568965886363,WhiteHouse,"RT @CENTCOM: https://t.co/SdInnL4ZW8",4/19/2026, 5:19:22 PM,4/19/2026,5:19:22 PM,4/19/2026, 5:20:20 PM,4/19/2026,5:20:20 PM
2045974917892452688,WhiteHouse,"A breakthrough approach to mental health. 🇺🇸 https://t.co/I5HEHs6IZe",4/19/2026, 5:16:47 PM,4/19/2026,5:16:47 PM,4/19/2026, 5:20:20 PM,4/19/2026,5:20:20 PM
2045957939144327290,WhiteHouse,"RT @FLOTUS: https://t.co/RDKjew2mEt",4/19/2026, 4:09:19 PM,4/19/2026,4:09:19 PM,4/19/2026, 4:10:21 PM,4/19/2026,4:10:21 PM
2045957922874655082,WhiteHouse,"RT @FirstLadyOffice: 2026 White House Spring Garden Tours 🌸 https://t.co/zUxuvhpyP8",4/19/2026, 4:09:15 PM,4/19/2026,4:09:15 PM,4/19/2026, 4:10:21 PM,4/19/2026,4:10:21 PM
2045912943988969767,WhiteHouse,"RT @SecDuffy: Game. Set. Match 🎮 @USDOT @FAANews

Our campaign to recruit GAMERS to apply to become AIR TRAFFIC CONTROLLERS is RECORD BREAK…",4/19/2026, 1:10:31 PM,4/19/2026,1:10:31 PM,4/19/2026, 1:10:49 PM,4/19/2026,1:10:49 PM
2045912932790231229,WhiteHouse,"RT @ENERGY: .@SecretaryWright: ""The world's abundantly full of energy—let's get rid of the climate cult, better energize our world. That's…",4/19/2026, 1:10:29 PM,4/19/2026,1:10:29 PM,4/19/2026, 1:10:49 PM,4/19/2026,1:10:49 PM
2045912912552706154,WhiteHouse,"RT @DHSgov: ‘Trust in the Lord with all thine heart; and lean not unto thine own understanding. In all thy ways acknowledge him, and he sha…",4/19/2026, 1:10:24 PM,4/19/2026,1:10:24 PM,4/19/2026, 1:10:49 PM,4/19/2026,1:10:49 PM
2045912893997113854,WhiteHouse,"RT @epaleezeldin: President Trump is a builder. With NESE Pipeline now set to provide up to 2.3 million more New Yorkers with access to aff…",4/19/2026, 1:10:19 PM,4/19/2026,1:10:19 PM,4/19/2026, 1:10:49 PM,4/19/2026,1:10:49 PM
2045854862483574888,WhiteHouse,"""...We’re offering a very fair and reasonable DEAL, and I hope they take it because, if they don’t, the United States is going to knock out every single Power Plant, and every single Bridge, in Iran. NO MORE MR. NICE GUY..."" - President Donald J. Trump https://t.co/L4wQMJfGE6",4/19/2026, 9:19:44 AM,4/19/2026,9:19:44 AM,4/19/2026, 9:20:24 AM,4/19/2026,9:20:24 AM
2045854786772213998,WhiteHouse,"RT @StateDept: With America's 250th anniversary just around the corner, we're looking back at the heroes who started it all. 🇺🇸

Tonight we…",4/19/2026, 9:19:25 AM,4/19/2026,9:19:25 AM,4/19/2026, 9:20:24 AM,4/19/2026,9:20:24 AM
2045644613147382055,WhiteHouse,"One month ago, President Trump visited Texas on unleashing AMERICAN energy dominance.

DRILL, BABY, DRILL. 🔥 https://t.co/7c7xlT86Uh",4/18/2026, 7:24:16 PM,4/18/2026,7:24:16 PM,4/18/2026, 7:25:19 PM,4/18/2026,7:25:19 PM
2045644156727402738,WhiteHouse,"RT @DrMakaryFDA: FDA is moving proactively to advance potential therapies to address America’s mental health crisis. 

It’s time for new ap…",4/18/2026, 7:22:27 PM,4/18/2026,7:22:27 PM,4/18/2026, 7:25:19 PM,4/18/2026,7:25:19 PM
2045632564212248871,WhiteHouse,"RT @DHSgov: “I…held my son while he bled to death.” 

12-year-old Dereon James Robinson and 9-year-old Mikhail Lee Smith were killed by an…",4/18/2026, 6:36:23 PM,4/18/2026,6:36:23 PM,4/18/2026, 6:40:21 PM,4/18/2026,6:40:21 PM
2045632549641220465,WhiteHouse,"RT @USDA: What does the American flag mean to you?🇺🇸

Product of USA Rodeo Champions share their straight from the arena answers: freedom,…",4/18/2026, 6:36:20 PM,4/18/2026,6:36:20 PM,4/18/2026, 6:40:21 PM,4/18/2026,6:40:21 PM
2045575456456417691,WhiteHouse,"Read the facts: https://t.co/beS68PUuaP https://t.co/Sd27VABdRX",4/18/2026, 2:49:28 PM,4/18/2026,2:49:28 PM,4/18/2026, 2:50:24 PM,4/18/2026,2:50:24 PM
2045575452278902787,WhiteHouse,"Today, President Donald J. Trump took historic action to remove barriers on psychedelic treatments for serious mental illness — delivering new hope to millions of Americans, especially our veterans. 🇺🇸 https://t.co/vhLIwRrLqs",4/18/2026, 2:49:27 PM,4/18/2026,2:49:27 PM,4/18/2026, 2:50:24 PM,4/18/2026,2:50:24 PM
2045536532321161424,WhiteHouse,"TAX WEEK IN LAS VEGAS 💸

NO TAX ON TIPS ✅  
NO TAX ON OVERTIME ✅

Finally, policies that reward hard work instead of punishing it. Hardworking Americans are winning this tax season. https://t.co/SXedBrjloS",4/18/2026, 12:14:48 PM,4/18/2026,12:14:48 PM,4/18/2026, 12:15:23 PM,4/18/2026,12:15:23 PM
2045535147760435626,WhiteHouse,"RT @SecKennedy: Thank you, @joerogan, for helping bring national attention to these potentially life-saving treatments for veterans and oth…",4/18/2026, 12:09:18 PM,4/18/2026,12:09:18 PM,4/18/2026, 12:10:23 PM,4/18/2026,12:10:23 PM
2045510586193092871,WhiteHouse,"RT @RepLuttrell: Today marks a decisive step forward in our commitment to exploring innovative treatments for the invisible wounds carried…",4/18/2026, 10:31:42 AM,4/18/2026,10:31:42 AM,4/18/2026, 10:35:38 AM,4/18/2026,10:35:38 AM
2045499757552890335,WhiteHouse,"Accelerating Medical Treatments for Serious Mental Illness🇺🇸

@JoeRogan: ""For 56 years we've lived under those terrible conditions. We're free of that now. Thanks to all these people... and thanks to President Trump."" https://t.co/aQmZl3z4PG https://t.co/j1tkGACSM7",4/18/2026, 9:48:40 AM,4/18/2026,9:48:40 AM,4/18/2026, 9:50:27 AM,4/18/2026,9:50:27 AM
2045498267346096183,WhiteHouse,"LIVE FROM THE OVAL: President Trump Announces Historic Reforms to Accelerate Access to Medical Research &amp; Treatments Based on Psychedelic Drugs

""Since 9/11, we've lost over 21 times more veteran lives to suicide than on the battlefield... today, we're bringing them new hope."" https://t.co/Vmh369cwqW",4/18/2026, 9:42:45 AM,4/18/2026,9:42:45 AM,4/18/2026, 9:45:35 AM,4/18/2026,9:45:35 AM
2045496378294468992,WhiteHouse,"RT @SecVetAffairs: Thank you, President Trump. We need an all-of-the-above strategy when it comes to tackling mental health, and your EO op…",4/18/2026, 9:35:14 AM,4/18/2026,9:35:14 AM,4/18/2026, 9:35:38 AM,4/18/2026,9:35:38 AM
2045489762216165638,WhiteHouse,"President Trump Signs an Executive Order, Apr. 18, 2026 https://t.co/xsVqeJG8i9",4/18/2026, 9:08:57 AM,4/18/2026,9:08:57 AM,4/18/2026, 9:10:36 AM,4/18/2026,9:10:36 AM
2045361099399111000,WhiteHouse,"RT @RapidResponse47: .@POTUS: ""We're negotiating over the weekend... I expect things to go well. Many of these things have been negotiated…",4/18/2026, 12:37:41 AM,4/18/2026,12:37:41 AM,4/18/2026, 12:40:29 AM,4/18/2026,12:40:29 AM
2045328568259862771,WhiteHouse,"“President Xi is very happy that the Strait of Hormuz is open and/or rapidly opening. Our meeting in China will be a special one and, potentially, Historic. I look forward to being with President Xi — Much will be accomplished!” - President DONALD J. TRUMP https://t.co/wQkYuttGfV",4/17/2026, 10:28:25 PM,4/17/2026,10:28:25 PM,4/17/2026, 10:30:16 PM,4/17/2026,10:30:16 PM
2045328491155988627,WhiteHouse,"RT @DHSgov: The American Dream will always come true. https://t.co/lhi0tAx1OX",4/17/2026, 10:28:07 PM,4/17/2026,10:28:07 PM,4/17/2026, 10:30:16 PM,4/17/2026,10:30:16 PM
2045247630507139377,WhiteHouse,"RT @SecDuffy: 🚨 TRUMP ADMIN BREAKS U.S. RECORD FOR HIRING EFFORT FOR AIR TRAFFIC CONTROLLERS 🚨

In just 13 HOURS: 8,004 Americans applied t…",4/17/2026, 5:06:48 PM,4/17/2026,5:06:48 PM,4/17/2026, 5:10:16 PM,4/17/2026,5:10:16 PM
2045223977077907914,WhiteHouse,"LET HIM COOK. https://t.co/j27oxy6DKQ",4/17/2026, 3:32:49 PM,4/17/2026,3:32:49 PM,4/17/2026, 3:35:16 PM,4/17/2026,3:35:16 PM
2045214380829065273,WhiteHouse,"RT @SecKennedy: President Trump is cleaning up messes that other people made. https://t.co/tbFgoN26RT",4/17/2026, 2:54:41 PM,4/17/2026,2:54:41 PM,4/17/2026, 2:55:16 PM,4/17/2026,2:55:16 PM
2045213712668082507,WhiteHouse,"RT @SecKennedy: Thank you, @Gatorade, for removing artificial FD&amp;C colors and switching to newly @US_FDA–approved plant-based dyes from fru…",4/17/2026, 2:52:01 PM,4/17/2026,2:52:01 PM,4/17/2026, 2:55:16 PM,4/17/2026,2:55:16 PM
2045213646163235054,WhiteHouse,"RT @SecScottBessent: We will not allow Iraq’s terrorist militias, backed by Iran, to threaten American lives or interests. Those who enable…",4/17/2026, 2:51:46 PM,4/17/2026,2:51:46 PM,4/17/2026, 2:55:16 PM,4/17/2026,2:55:16 PM
2045213619906867277,WhiteHouse,"RT @DHSgov: This monster set fire to a building and watched as innocent people, including a three-year-old, burned to death.

New York City…",4/17/2026, 2:51:39 PM,4/17/2026,2:51:39 PM,4/17/2026, 2:55:16 PM,4/17/2026,2:55:16 PM
2045213602798276839,WhiteHouse,"RT @USArmy: We stand on the shoulders of giants.",4/17/2026, 2:51:35 PM,4/17/2026,2:51:35 PM,4/17/2026, 2:55:16 PM,4/17/2026,2:55:16 PM
2045192558830088620,WhiteHouse,"The government used to punish overtime with massive tax cuts — no more.

This year, thanks to President Trump’s Working Families Tax Cuts, you keep MORE of what YOU earn. 💰

He promised. He delivered. https://t.co/3i2JkWqIOh",4/17/2026, 1:27:58 PM,4/17/2026,1:27:58 PM,4/17/2026, 1:30:16 PM,4/17/2026,1:30:16 PM
2045170855861191084,WhiteHouse,"TAX DAY JUST HIT DIFFERENT THIS YEAR 💸⚡️

More money. Less tax. More wins. 🇺🇸 President Donald J. Trump in Las Vegas. https://t.co/xfbQvdSh0I",4/17/2026, 12:01:44 PM,4/17/2026,12:01:44 PM,4/17/2026, 12:05:16 PM,4/17/2026,12:05:16 PM